s00000024278002,https://jpfun.net/item/alts_bandai_en
s00000024278002,https://jpfun.net/item/alts_bandai_en?lang=ko
s00000024278002,https://jpfun.net/item/alts_bandai_ko
s00000024278002,https://jpfun.net/item/alts_bandai_ko?lang=ko
s00000024278002,https://jpfun.net/item/appi_kogen_en
s00000024278002,https://jpfun.net/item/appi_kogen_en?lang=ko
s00000024278002,https://jpfun.net/item/appi_kogen_ko
s00000024278002,https://jpfun.net/item/appi_kogen_ko?lang=ko
s00000024278002,https://jpfun.net/item/asahidake_en
s00000024278002,https://jpfun.net/item/asahidake_en?lang=ko
s00000024278002,https://jpfun.net/item/asahidake_ko
s00000024278002,https://jpfun.net/item/asahidake_ko?lang=ko
s00000024278002,https://jpfun.net/item/dynaland_en
s00000024278002,https://jpfun.net/item/dynaland_en?lang=ko
s00000024278002,https://jpfun.net/item/dynaland_ko
s00000024278002,https://jpfun.net/item/dynaland_ko?lang=ko
s00000024278002,https://jpfun.net/item/furano_en
s00000024278002,https://jpfun.net/item/furano_en?lang=ko
s00000024278002,https://jpfun.net/item/furano_ko
s00000024278002,https://jpfun.net/item/furano_ko?lang=ko
s00000024278002,https://jpfun.net/item/gala_yuzawa_en
s00000024278002,https://jpfun.net/item/gala_yuzawa_en?lang=ko
s00000024278002,https://jpfun.net/item/gala_yuzawa_ko
s00000024278002,https://jpfun.net/item/gala_yuzawa_ko?lang=ko
s00000024278002,https://jpfun.net/item/geto_kogen_en
s00000024278002,https://jpfun.net/item/geto_kogen_en?lang=ko
s00000024278002,https://jpfun.net/item/geto_kogen_ko
s00000024278002,https://jpfun.net/item/geto_kogen_ko?lang=ko
s00000024278002,https://jpfun.net/item/hakuba_47_en
s00000024278002,https://jpfun.net/item/hakuba_47_en?lang=ko
s00000024278002,https://jpfun.net/item/hakuba_47_ko
s00000024278002,https://jpfun.net/item/hakuba_47_ko?lang=ko
s00000024278002,https://jpfun.net/item/hakuba_cortina_en
s00000024278002,https://jpfun.net/item/hakuba_cortina_en?lang=ko
s00000024278002,https://jpfun.net/item/hakuba_cortina_ko
s00000024278002,https://jpfun.net/item/hakuba_cortina_ko?lang=ko
s00000024278002,https://jpfun.net/item/hakuba_goryu_en
s00000024278002,https://jpfun.net/item/hakuba_goryu_en?lang=ko
s00000024278002,https://jpfun.net/item/hakuba_goryu_ko
s00000024278002,https://jpfun.net/item/hakuba_goryu_ko?lang=ko
s00000024278002,https://jpfun.net/item/hakuba_happo_one_en
s00000024278002,https://jpfun.net/item/hakuba_happo_one_en?lang=ko
s00000024278002,https://jpfun.net/item/hakuba_happo_one_ko
s00000024278002,https://jpfun.net/item/hakuba_happo_one_ko?lang=ko
s00000024278002,https://jpfun.net/item/hakuba_iwatake_en
s00000024278002,https://jpfun.net/item/hakuba_iwatake_en?lang=ko
s00000024278002,https://jpfun.net/item/hakuba_iwatake_ko
s00000024278002,https://jpfun.net/item/hakuba_iwatake_ko?lang=ko
s00000024278002,https://jpfun.net/item/hirayu_onsen_en
s00000024278002,https://jpfun.net/item/hirayu_onsen_en?lang=ko
s00000024278002,https://jpfun.net/item/hirayu_onsen_ko
s00000024278002,https://jpfun.net/item/hirayu_onsen_ko?lang=ko
s00000024278002,https://jpfun.net/item/hunter_mountain_shiobara_en
s00000024278002,https://jpfun.net/item/hunter_mountain_shiobara_en?lang=ko
s00000024278002,https://jpfun.net/item/hunter_mountain_shiobara_ko
s00000024278002,https://jpfun.net/item/hunter_mountain_shiobara_ko?lang=ko
s00000024278002,https://jpfun.net/item/ipponsugi_en
s00000024278002,https://jpfun.net/item/ipponsugi_en?lang=ko
s00000024278002,https://jpfun.net/item/ipponsugi_ko
s00000024278002,https://jpfun.net/item/ipponsugi_ko?lang=ko
s00000024278002,https://jpfun.net/item/iwappara_en
s00000024278002,https://jpfun.net/item/iwappara_en?lang=ko
s00000024278002,https://jpfun.net/item/iwappara_ko
s00000024278002,https://jpfun.net/item/iwappara_ko?lang=ko
s00000024278002,https://jpfun.net/item/joetsu_kokusai_en
s00000024278002,https://jpfun.net/item/joetsu_kokusai_en?lang=ko
s00000024278002,https://jpfun.net/item/joetsu_kokusai_ko
s00000024278002,https://jpfun.net/item/joetsu_kokusai_ko?lang=ko
s00000024278002,https://jpfun.net/item/kagura_en
s00000024278002,https://jpfun.net/item/kagura_en?lang=ko
s00000024278002,https://jpfun.net/item/kagura_ko
s00000024278002,https://jpfun.net/item/kagura_ko?lang=ko
s00000024278002,https://jpfun.net/item/karuizawa_prince_en
s00000024278002,https://jpfun.net/item/karuizawa_prince_en?lang=ko
s00000024278002,https://jpfun.net/item/karuizawa_prince_ko
s00000024278002,https://jpfun.net/item/karuizawa_prince_ko?lang=ko
s00000024278002,https://jpfun.net/item/kawaba_en
s00000024278002,https://jpfun.net/item/kawaba_en?lang=ko
s00000024278002,https://jpfun.net/item/kawaba_ko
s00000024278002,https://jpfun.net/item/kawaba_ko?lang=ko
s00000024278002,https://jpfun.net/item/kirifuri_kogen_en
s00000024278002,https://jpfun.net/item/kirifuri_kogen_en?lang=ko
s00000024278002,https://jpfun.net/item/kirifuri_kogen_ko
s00000024278002,https://jpfun.net/item/kirifuri_kogen_ko?lang=ko
s00000024278002,https://jpfun.net/item/kiroro_en
s00000024278002,https://jpfun.net/item/kiroro_en?lang=ko
s00000024278002,https://jpfun.net/item/kiroro_ko
s00000024278002,https://jpfun.net/item/kiroro_ko?lang=ko
s00000024278002,https://jpfun.net/item/kusatsu_kokusai_en
s00000024278002,https://jpfun.net/item/kusatsu_kokusai_en?lang=ko
s00000024278002,https://jpfun.net/item/kusatsu_kokusai_ko
s00000024278002,https://jpfun.net/item/kusatsu_kokusai_ko?lang=ko
s00000024278002,https://jpfun.net/item/madarao_kogen_en
s00000024278002,https://jpfun.net/item/madarao_kogen_en?lang=ko
s00000024278002,https://jpfun.net/item/madarao_kogen_ko
s00000024278002,https://jpfun.net/item/madarao_kogen_ko?lang=ko
s00000024278002,https://jpfun.net/item/maiko_snow_resort_en
s00000024278002,https://jpfun.net/item/maiko_snow_resort_en?lang=ko
s00000024278002,https://jpfun.net/item/maiko_snow_resort_ko
s00000024278002,https://jpfun.net/item/maiko_snow_resort_ko?lang=ko
s00000024278002,https://jpfun.net/item/manza_onsen_en
s00000024278002,https://jpfun.net/item/manza_onsen_en?lang=ko
s00000024278002,https://jpfun.net/item/manza_onsen_ko
s00000024278002,https://jpfun.net/item/manza_onsen_ko?lang=ko
s00000024278002,https://jpfun.net/item/minakami_hotaka_en
s00000024278002,https://jpfun.net/item/minakami_hotaka_en?lang=ko
s00000024278002,https://jpfun.net/item/minakami_hotaka_ko
s00000024278002,https://jpfun.net/item/minakami_hotaka_ko?lang=ko
s00000024278002,https://jpfun.net/item/mt_jeans_nasu_en
s00000024278002,https://jpfun.net/item/mt_jeans_nasu_en?lang=ko
s00000024278002,https://jpfun.net/item/mt_jeans_nasu_ko
s00000024278002,https://jpfun.net/item/mt_jeans_nasu_ko?lang=ko
s00000024278002,https://jpfun.net/item/myoko_suginohara_en
s00000024278002,https://jpfun.net/item/myoko_suginohara_en?lang=ko
s00000024278002,https://jpfun.net/item/myoko_suginohara_ko
s00000024278002,https://jpfun.net/item/myoko_suginohara_ko?lang=ko
s00000024278002,https://jpfun.net/item/naeba_en
s00000024278002,https://jpfun.net/item/naeba_en?lang=ko
s00000024278002,https://jpfun.net/item/naeba_ko
s00000024278002,https://jpfun.net/item/naeba_ko?lang=ko
s00000024278002,https://jpfun.net/item/nasu_onsen_family_en
s00000024278002,https://jpfun.net/item/nasu_onsen_family_en?lang=ko
s00000024278002,https://jpfun.net/item/nasu_onsen_family_ko
s00000024278002,https://jpfun.net/item/nasu_onsen_family_ko?lang=ko
s00000024278002,https://jpfun.net/item/niseko_annupuri_en
s00000024278002,https://jpfun.net/item/niseko_annupuri_en?lang=ko
s00000024278002,https://jpfun.net/item/niseko_annupuri_ko
s00000024278002,https://jpfun.net/item/niseko_annupuri_ko?lang=ko
s00000024278002,https://jpfun.net/item/niseko_grand_hirafu_en
s00000024278002,https://jpfun.net/item/niseko_grand_hirafu_en?lang=ko
s00000024278002,https://jpfun.net/item/niseko_grand_hirafu_ko
s00000024278002,https://jpfun.net/item/niseko_grand_hirafu_ko?lang=ko
s00000024278002,https://jpfun.net/item/niseko_hanazono_en
s00000024278002,https://jpfun.net/item/niseko_hanazono_en?lang=ko
s00000024278002,https://jpfun.net/item/niseko_hanazono_ko
s00000024278002,https://jpfun.net/item/niseko_hanazono_ko?lang=ko
s00000024278002,https://jpfun.net/item/niseko_village_en
s00000024278002,https://jpfun.net/item/niseko_village_en?lang=ko
s00000024278002,https://jpfun.net/item/niseko_village_ko
s00000024278002,https://jpfun.net/item/niseko_village_ko?lang=ko
s00000024278002,https://jpfun.net/item/nozawa_onsen_en
s00000024278002,https://jpfun.net/item/nozawa_onsen_en?lang=ko
s00000024278002,https://jpfun.net/item/nozawa_onsen_ko
s00000024278002,https://jpfun.net/item/nozawa_onsen_ko?lang=ko
s00000024278002,https://jpfun.net/item/rusutsu_en
s00000024278002,https://jpfun.net/item/rusutsu_en?lang=ko
s00000024278002,https://jpfun.net/item/rusutsu_ko
s00000024278002,https://jpfun.net/item/rusutsu_ko?lang=ko
s00000024278002,https://jpfun.net/item/sahoro_en
s00000024278002,https://jpfun.net/item/sahoro_en?lang=ko
s00000024278002,https://jpfun.net/item/sahoro_ko
s00000024278002,https://jpfun.net/item/sahoro_ko?lang=ko
s00000024278002,https://jpfun.net/item/sapporo_kokusai_en
s00000024278002,https://jpfun.net/item/sapporo_kokusai_en?lang=ko
s00000024278002,https://jpfun.net/item/sapporo_kokusai_ko
s00000024278002,https://jpfun.net/item/sapporo_kokusai_ko?lang=ko
s00000024278002,https://jpfun.net/item/sapporo_teine_en
s00000024278002,https://jpfun.net/item/sapporo_teine_en?lang=ko
s00000024278002,https://jpfun.net/item/sapporo_teine_ko
s00000024278002,https://jpfun.net/item/sapporo_teine_ko?lang=ko
s00000024278002,https://jpfun.net/item/shiga_kogen_en
s00000024278002,https://jpfun.net/item/shiga_kogen_en?lang=ko
s00000024278002,https://jpfun.net/item/shiga_kogen_ko
s00000024278002,https://jpfun.net/item/shiga_kogen_ko?lang=ko
s00000024278002,https://jpfun.net/item/takasu_snow_park_en
s00000024278002,https://jpfun.net/item/takasu_snow_park_en?lang=ko
s00000024278002,https://jpfun.net/item/takasu_snow_park_ko
s00000024278002,https://jpfun.net/item/takasu_snow_park_ko?lang=ko
s00000024278002,https://jpfun.net/item/tangram_ski_circus_en
s00000024278002,https://jpfun.net/item/tangram_ski_circus_en?lang=ko
s00000024278002,https://jpfun.net/item/tangram_ski_circus_ko
s00000024278002,https://jpfun.net/item/tangram_ski_circus_ko?lang=ko
s00000024278002,https://jpfun.net/item/tomamu_en
s00000024278002,https://jpfun.net/item/tomamu_en?lang=ko
s00000024278002,https://jpfun.net/item/tomamu_ko
s00000024278002,https://jpfun.net/item/tomamu_ko?lang=ko
s00000024278002,https://jpfun.net/item/tsugaike_kogen_en
s00000024278002,https://jpfun.net/item/tsugaike_kogen_en?lang=ko
s00000024278002,https://jpfun.net/item/tsugaike_kogen_ko
s00000024278002,https://jpfun.net/item/tsugaike_kogen_ko?lang=ko
s00000024278002,https://jpfun.net/item/washigatake_en
s00000024278002,https://jpfun.net/item/washigatake_en?lang=ko
s00000024278002,https://jpfun.net/item/washigatake_ko
s00000024278002,https://jpfun.net/item/washigatake_ko?lang=ko
s00000024278002,https://jpfun.net/item/yuzawa_kogen_en
s00000024278002,https://jpfun.net/item/yuzawa_kogen_en?lang=ko
s00000024278002,https://jpfun.net/item/yuzawa_kogen_ko
s00000024278002,https://jpfun.net/item/yuzawa_kogen_ko?lang=ko
s00000024278002,https://jpfun.net/item/zao_onsen_en
s00000024278002,https://jpfun.net/item/zao_onsen_en?lang=ko
s00000024278002,https://jpfun.net/item/zao_onsen_ko
s00000024278002,https://jpfun.net/item/zao_onsen_ko?lang=ko
